Model,R_squared,Adj_R_squared,F_stat,F_pvalue,Num_Predictors
Full,0.9893490458334573,0.9893309622611812,54709.8234093126,0.0,174
AIC,0.9893473134019602,0.9893316599900202,63203.30143933179,0.0,58
BIC,0.9893371809345632,0.9893217831668614,64251.98769635096,0.0,58
