Model,R_squared,Adj_R_squared,F_stat,F_pvalue
Full,0.9893490458334573,0.9893309622611812,54709.8234093126,0.0
BIC,0.9893371809345632,0.9893217831668614,64251.98769635096,0.0
